{
    "장소정보": [
        {
            "장소명": "CGV 목포평화광장",
            "장소 유형": "영화관",
            "도로명 주소": "전남 목포시 원형동로 53",
            "지번 주소": "상동 1129-6"
        },
        {
            "장소명": "CGV 목포",
            "장소 유형": "영화관",
            "도로명 주소": "전남 목포시 교육로 63",
            "지번 주소": "상동 892"
        },
        {
            "장소명": "메가박스 목포하당점",
            "장소 유형": "영화관",
            "도로명 주소": "전남 목포시 옥암로 95 메가박스 목포하당",
            "지번 주소": "상동 860-1 메가박스 목포하당"
        }
    ]
}