{
    "장소정보": [
        {
            "장소명": "IBK기업은행 목포",
            "장소 유형": "은행",
            "도로명 주소": "전남 목포시 비파로 96 2층",
            "지번 주소": "상동 860 2층"
        },
        {
            "장소명": "하나은행 목포금융센터지점",
            "장소 유형": "은행",
            "도로명 주소": "전남 목포시 백년대로 319",
            "지번 주소": "상동 835"
        },
        {
            "장소명": "우리은행 목포지점",
            "장소 유형": "은행",
            "도로명 주소": "전남 목포시 백년대로 360",
            "지번 주소": "상동 868"
        },
        {
            "장소명": "KB국민은행 목포종합금융센터",
            "장소 유형": "은행",
            "도로명 주소": "전남 목포시 백년대로 310",
            "지번 주소": "상동 888"
        },
        {
            "장소명": "목포농협본점",
            "장소 유형": "신용조합",
            "도로명 주소": "전남 목포시 영산로 659",
            "지번 주소": "석현동 556-1"
        },
        {
            "장소명": "신한은행 목포하당금융센터",
            "장소 유형": "은행",
            "도로명 주소": "전남 목포시 백년대로 352",
            "지번 주소": "상동 869"
        },
        {
            "장소명": "NH농협은행 신목포지점",
            "장소 유형": "은행",
            "도로명 주소": "전남 목포시 비파로 34",
            "지번 주소": "상동 1005-3"
        },
        {
            "장소명": "NH농협은행 목포금융센터",
            "장소 유형": "은행",
            "도로명 주소": "전남 목포시 영산로 101 목포MBC 역전사옥 1,2층",
            "지번 주소": "명륜동 5-1 목포MBC 역전사옥 1,2층"
        },
        {
            "장소명": "신한은행 목포지점",
            "장소 유형": "은행",
            "도로명 주소": "전남 목포시 영산로 118",
            "지번 주소": "호남동 129"
        },
        {
            "장소명": "목포중앙새마을금고 본점",
            "장소 유형": "새마을금고",
            "도로명 주소": "전남 목포시 백년대로 294",
            "지번 주소": "상동 890"
        },
        {
            "장소명": "광주은행 하당지점",
            "장소 유형": "은행",
            "도로명 주소": "전남 목포시 신흥로 50",
            "지번 주소": "상동 999-1"
        },
        {
            "장소명": "광주은행 목포지점",
            "장소 유형": "은행",
            "도로명 주소": "전남 목포시 영산로 93",
            "지번 주소": "명륜동 6-16"
        },
        {
            "장소명": "NH농협은행 목포신안시군지부",
            "장소 유형": "은행",
            "도로명 주소": "전남 목포시 후광대로 114",
            "지번 주소": "옥암동 1225-2"
        },
        {
            "장소명": "신한은행 목포법원출장소",
            "장소 유형": "은행",
            "도로명 주소": "전남 목포시 정의로 29 (광주지방법원목포지원)",
            "지번 주소": "옥암동 1201 광주지방법원목포지원"
        },
        {
            "장소명": "Sh수협은행 목포지점",
            "장소 유형": "은행",
            "도로명 주소": "전남 목포시 신흥로 4",
            "지번 주소": "상동 978"
        },
        {
            "장소명": "NH농협은행 자유시장지점",
            "장소 유형": "은행",
            "도로명 주소": "전남 목포시 자유로 121",
            "지번 주소": "산정동 1289-12"
        },
        {
            "장소명": "산정새마을금고 본점",
            "장소 유형": "새마을금고",
            "도로명 주소": "전남 목포시 청호로 106",
            "지번 주소": "산정동 1785-19"
        },
        {
            "장소명": "삼학새마을금고 본점",
            "장소 유형": "새마을금고",
            "도로명 주소": "전남 목포시 하당로 251-1",
            "지번 주소": "상동 789-6"
        },
        {
            "장소명": "국민새마을금고 연산지점",
            "장소 유형": "새마을금고",
            "도로명 주소": "전남 목포시 원산중앙로 62",
            "지번 주소": "산정동 1722-16"
        },
        {
            "장소명": "SC제일은행 목포지점",
            "장소 유형": "은행",
            "도로명 주소": "전남 목포시 옥암로 83",
            "지번 주소": "상동 868-2"
        },
        {
            "장소명": "NH농협은행 목포시청출장소",
            "장소 유형": "은행",
            "도로명 주소": "전남 목포시 양을로 203",
            "지번 주소": "용당동 1188-2"
        },
        {
            "장소명": "한국은행 목포본부",
            "장소 유형": "은행",
            "도로명 주소": "전남 목포시 영산로 109",
            "지번 주소": "명륜동 3-1"
        },
        {
            "장소명": "목포동부새마을금고 본점",
            "장소 유형": "새마을금고",
            "도로명 주소": "전남 목포시 영산로245번길 9-1 목포동부새마을금고",
            "지번 주소": "용당동 1052-9"
        },
        {
            "장소명": "국민새마을금고 본점",
            "장소 유형": "새마을금고",
            "도로명 주소": "전남 목포시 마인계터로38번길 1",
            "지번 주소": "죽동 231"
        },
        {
            "장소명": "광주은행 용당동지점",
            "장소 유형": "은행",
            "도로명 주소": "전남 목포시 영산로 302",
            "지번 주소": "용당동 1109-10"
        },        
        {
            "장소명": "NH농협은행 동명동지점",
            "장소 유형": "은행",
            "도로명 주소": "전남 목포시 산정로 18-1",
            "지번 주소": "산정동 1109-4"
        },
        {
            "장소명": "광주은행 북항지점",
            "장소 유형": "은행",
            "도로명 주소": "전남 목포시 고하대로 668 산정동",
            "지번 주소": "산정동 1633-12 산정동"
        },
        {
            "장소명": "삼학새마을금고 동명지점",
            "장소 유형": "새마을금고",
            "도로명 주소": "전남 목포시 산정로6번길 31",
            "지번 주소": "산정동 1080-738"
        },
        {
            "장소명": "IBK기업은행365 목포점24",
            "장소 유형": "은행",
            "도로명 주소": "전남 목포시 옥암로 25 기업은행목포지점",
            "지번 주소": "상동 1009-2"
        },
        {
            "장소명": "목포중앙새마을금고 연동점",
            "장소 유형": "새마을금고",
            "도로명 주소": "전남 목포시 산정로50번길 3",
            "지번 주소": "산정동 1082-7"
        },
    
        {
            "장소명": "KDB산업은행 목포지점",
            "장소 유형": "은행",
            "도로명 주소": "전남 목포시 백년대로 306 한국산업은행목포지점영업소",
            "지번 주소": "상동 889-2"
        },
        {
            "장소명": "IBK기업은행365",
            "장소 유형": "은행",
            "도로명 주소": "전남 목포시 백년대로 303",
            "지번 주소": "상동 833-1"
        },
        {
            "장소명": "IBK기업은행365",
            "장소 유형": "은행",
            "도로명 주소": "남 목포시 옥암동 1123",
            "지번 주소": "우편번호\n530420"
        },
        {
            "장소명": "영신학원새마을금고 본점",
            "장소 유형": "새마을금고",
            "도로명 주소": "전남 목포시 영산로 415",
            "지번 주소": "상동 545-18"
        }
    ]
}