{
    "장소정보": [
        {
            "장소명": "옥암동 행정복지센터",
            "장소 유형": "행정복지센터",
            "도로명 주소": "전남 목포시 삼향천로 118 옥암동 행정복지센터",
            "지번 주소": "옥암동 975 행정복지센터"
        },
        {
            "장소명": "하당동 행정복지센터",
            "장소 유형": "행정복지센터",
            "도로명 주소": "전남 목포시 하당로 215",
            "지번 주소": "상동 809"
        },
        {
            "장소명": "신흥동 행정복지센터",
            "장소 유형": "행정복지센터",
            "도로명 주소": "전남 목포시 하당로 66",
            "지번 주소": "상동 959"
        },
        {
            "장소명": "상동 행정복지센터",
            "장소 유형": "행정복지센터",
            "도로명 주소": "전남 목포시 상리로1번길 32",
            "지번 주소": "상동 744-1"
        },
        {
            "장소명": "부흥동 행정복지센터",
            "장소 유형": "행정복지센터",
            "도로명 주소": "전남 목포시 삼향천로 28",
            "지번 주소": "옥암동 1022"
        },
        {
            "장소명": "용해동 행정복지센터",
            "장소 유형": "행정복지센터",
            "도로명 주소": "전남 목포시 용당로 335 용해동주민센터",
            "지번 주소": "용해동 981 주민센터"
        },
        {
            "장소명": "연산동 행정복지센터",
            "장소 유형": "행정복지센터",
            "도로명 주소": "전남 목포시 연산로 191 연산동주민센터",
            "지번 주소": "연산동 1236-17 주민센터"
        },
        {
            "장소명": "북항동행정복지센터",
            "장소 유형": "행정복지센터",
            "도로명 주소": "전남 목포시 고하대로 655 신안비치아파트",
            "지번 주소": "산정동 1202 신안비치아파트"
        },
        {
            "장소명": "삼향동 행정복지센터",
            "장소 유형": "행정복지센터",
            "도로명 주소": "전남 목포시 영산로 743",
            "지번 주소": "대양동 1158-8"
        },
        {
            "장소명": "죽교동 행정복지센터",
            "장소 유형": "행정복지센터",
            "도로명 주소": "전남 목포시 북항로81번길 6",
            "지번 주소": "죽교동 39-2"
        },
        {
            "장소명": "목원동행정복지센터",
            "장소 유형": "행정복지센터",
            "도로명 주소": "전남 목포시 수문로 32 트윈스타 4층",
            "지번 주소": "남교동 164 트윈스타 4층"
        },
        {
            "장소명": "삼학동행정복지센터",
            "장소 유형": "행정복지센터",
            "도로명 주소": "전남 목포시 자유로104번길 35 삼학동주민센터",
            "지번 주소": "산정동 1379-2 삼학동주민센터"
        },
        {
            "장소명": "동명동 행정복지센터",
            "장소 유형": "행정복지센터",
            "도로명 주소": "전남 목포시 자유로20번길 27",
            "지번 주소": "동명동 262"
        },
        {
            "장소명": "만호동 행정복지센터",
            "장소 유형": "행정복지센터",
            "도로명 주소": "전남 목포시 수강로12번길 24 만호동주민센터",
            "지번 주소": "보광동2가 6-1 만호동주민센터"
        },
        {
            "장소명": "옥암동 행정복지센터",
            "장소 유형": "행정복지센터",
            "도로명 주소": "전남 목포시 삼향천로 118 옥암동 행정복지센터",
            "지번 주소": "옥암동 975 행정복지센터"
        },
        {
            "장소명": "하당동 행정복지센터",
            "장소 유형": "행정복지센터",
            "도로명 주소": "전남 목포시 하당로 215",
            "지번 주소": "상동 809"
        },
        {
            "장소명": "신흥동 행정복지센터",
            "장소 유형": "행정복지센터",
            "도로명 주소": "전남 목포시 하당로 66",
            "지번 주소": "상동 959"
        },
        {
            "장소명": "상동 행정복지센터",
            "장소 유형": "행정복지센터",
            "도로명 주소": "전남 목포시 상리로1번길 32",
            "지번 주소": "상동 744-1"
        },
        {
            "장소명": "부흥동 행정복지센터",
            "장소 유형": "행정복지센터",
            "도로명 주소": "전남 목포시 삼향천로 28",
            "지번 주소": "옥암동 1022"
        },
        {
            "장소명": "용해동 행정복지센터",
            "장소 유형": "행정복지센터",
            "도로명 주소": "전남 목포시 용당로 335 용해동주민센터",
            "지번 주소": "용해동 981 주민센터"
        },
        {
            "장소명": "연산동 행정복지센터",
            "장소 유형": "행정복지센터",
            "도로명 주소": "전남 목포시 연산로 191 연산동주민센터",
            "지번 주소": "연산동 1236-17 주민센터"
        },
        {
            "장소명": "북항동행정복지센터",
            "장소 유형": "행정복지센터",
            "도로명 주소": "전남 목포시 고하대로 655 신안비치아파트",
            "지번 주소": "산정동 1202 신안비치아파트"
        },
        {
            "장소명": "삼향동 행정복지센터",
            "장소 유형": "행정복지센터",
            "도로명 주소": "전남 목포시 영산로 743",
            "지번 주소": "대양동 1158-8"
        },
        {
            "장소명": "죽교동 행정복지센터",
            "장소 유형": "행정복지센터",
            "도로명 주소": "전남 목포시 북항로81번길 6",
            "지번 주소": "죽교동 39-2"
        },
        {
            "장소명": "목원동행정복지센터",
            "장소 유형": "행정복지센터",
            "도로명 주소": "전남 목포시 수문로 32 트윈스타 4층",
            "지번 주소": "남교동 164 트윈스타 4층"
        },
        {
            "장소명": "삼학동행정복지센터",
            "장소 유형": "행정복지센터",
            "도로명 주소": "전남 목포시 자유로104번길 35 삼학동주민센터",
            "지번 주소": "산정동 1379-2 삼학동주민센터"
        },
        {
            "장소명": "동명동 행정복지센터",
            "장소 유형": "행정복지센터",
            "도로명 주소": "전남 목포시 자유로20번길 27",
            "지번 주소": "동명동 262"
        },
        {
            "장소명": "만호동 행정복지센터",
            "장소 유형": "행정복지센터",
            "도로명 주소": "전남 목포시 수강로12번길 24 만호동주민센터",
            "지번 주소": "보광동2가 6-1 만호동주민센터"
        }
    ]
}