{
    "장소정보": [
        {
            "장소명": "드림락볼링",
            "장소 유형": "볼링장",
            "도로명 주소": "전남 목포시 비파로43번길 37",
            "지번 주소": "상동 980-1"
        },
        {
            "장소명": "국제볼링타운",
            "장소 유형": "볼링장",
            "도로명 주소": "전남 목포시 청호로 170",
            "지번 주소": "산정동 1768-1"
        },
        {
            "장소명": "한영시네마볼링센터",
            "장소 유형": "볼링장",
            "도로명 주소": "전남 목포시 원형동로 53 롯데시네마 목포8",
            "지번 주소": "상동 1129-7"
        },
        {
            "장소명": "대화볼링장",
            "장소 유형": "볼링장",
            "도로명 주소": "전남 목포시 삼학로 333 대화볼링센타",
            "지번 주소": "용해동 143-123"
        }
    ]
}