{
    "장소정보": [
        {
            "장소명": "골프존파크 하당이글점",
            "장소 유형": "스크린골프장",
            "도로명 주소": "전남 목포시 번영로 113",
            "지번 주소": "상동 864"
        },
        {
            "장소명": "프랜즈스크린골프장 옥암점",
            "장소 유형": "스크린골프장",
            "도로명 주소": "전남 목포시 남악1로52번길 23-5 에이스빌딩 3층 카카오VX 스크린 골프장",
            "지번 주소": "옥암동 1236-2"
        },
        {
            "장소명": "골프존파크 부흥24시점",
            "장소 유형": "스크린골프장",
            "도로명 주소": "전남 목포시 삼향천로 51",
            "지번 주소": "옥암동 1019-1"
        },
        {
            "장소명": "골프존파크 이로 센트럴",
            "장소 유형": "스크린골프장",
            "도로명 주소": "전남 목포시 삼학로 284 2층, 3층",
            "지번 주소": "용해동 170-73"
        },
        {
            "장소명": "시티골프존",
            "장소 유형": "스크린골프장",
            "도로명 주소": "전남 목포시 남악로 22-14 펠리시티몰",
            "지번 주소": "옥암동 1373"
        },
        {
            "장소명": "포르모스크린골프",
            "장소 유형": "스크린골프장",
            "도로명 주소": "전남 목포시 옥암로 95 포르모 3층 포르모스크린골프",
            "지번 주소": "상동 860-1"
        },
        {
            "장소명": "골프존파크 신흥 시네마",
            "장소 유형": "스크린골프장",
            "도로명 주소": "전남 목포시 원형동로 53",
            "지번 주소": "상동 1129-6"
        },
        {
            "장소명": "골프존파크 연산 K",
            "장소 유형": "스크린골프장",
            "도로명 주소": "전남 목포시 연산로 131",
            "지번 주소": "연산동 957-18"
        }, 
        {
            "장소명": "카카오 스크린 골프장 용해점",
            "장소 유형": "스크린골프장",
            "도로명 주소": "전남 목포시 대양로 129 4층 카카오스크린골프장",
            "지번 주소": "용해동 586-38"
        },
        {
            "장소명": "골프존파크 용해 대박",
            "장소 유형": "스크린골프장",
            "도로명 주소": "전남 목포시 대양로 155",
            "지번 주소": "용해동 602-3"
        },
        {
            "장소명": "골프존B피팅샵",
            "장소 유형": "스크린골프장",
            "도로명 주소": "전남 목포시 영산로 559 3층",
            "지번 주소": "상동 251-38"
        },
        {
            "장소명": "산정스크린골프존",
            "장소 유형": "스크린골프장",
            "도로명 주소": "전남 목포시 양을로41번길 42",
            "지번 주소": "산정동 994-4"
        },
        {
            "장소명": "홀인원스크린골프",
            "장소 유형": "스크린골프장",
            "도로명 주소": "전남 목포시 옥암로 173",
            "지번 주소": "석현동 1168-33"
        },
        {
            "장소명": "골프존파크 옥암 예스골프점",
            "장소 유형": "스크린골프장",
            "도로명 주소": "전남 목포시 후광대로 128 세명프라자 4층",
            "지번 주소": "옥암동 1235-1"
        },
        {
            "장소명": "자유피칭스크린골프",
            "장소 유형": "스크린골프장",
            "도로명 주소": "전남 목포시 용당로 74",
            "지번 주소": "산정동 1289-23"
        },
        {
            "장소명": "골프존파크 옥암 하당",
            "장소 유형": "스크린골프장",
            "도로명 주소": "전남 목포시 옥암로 66 혜광빌딩 5층",
            "지번 주소": "옥암동 995-8"
        },
        {
            "장소명": "VSE목포북항스크린골프",
            "장소 유형": "스크린골프장",
            "도로명 주소": "전남 목포시 청호로220번길 17 1층 목포북항vse실내골프연습장",
            "지번 주소": "산정동 1112-6"
        },
        {
            "장소명": "탑스크린골프",
            "장소 유형": "스크린골프장",
            "도로명 주소": "전남 목포시 고하대로 628 4층",
            "지번 주소": "산정동 1801-14"
        },
        {
            "장소명": "브이아이피스크린골프존",
            "장소 유형": "스크린골프장",
            "도로명 주소": "전남 목포시 원형로 30",
            "지번 주소": "상동 1139-18"
        },
        {
            "장소명": "국제스크린골프",
            "장소 유형": "스크린골프장",
            "도로명 주소": "전남 목포시 청호로 170",
            "지번 주소": "산정동 1768-1"
        }, 
        {
            "장소명": "수림골프클럽",
            "장소 유형": "스크린골프장",
            "도로명 주소": "전남 목포시 원형서로 46-1 양우비치팰리스",
            "지번 주소": "상동 1137-21"
        },
        {
            "장소명": "목포스크린골프존",
            "장소 유형": "스크린골프장",
            "도로명 주소": "전남 목포시 영산로 635 석현빌딩",
            "지번 주소": "석현동 815-1"
        },
        {
            "장소명": "프렌즈스크린 삼창점",
            "장소 유형": "스크린골프장",
            "도로명 주소": "전남 목포시 대양로109번길 53 (삼창골프연습장 내 3층)",
            "지번 주소": "연산동 614-96"
        },
        {
            "장소명": "MG스크린파크골프장",
            "장소 유형": "스크린골프장",
            "도로명 주소": "전남 목포시 백년대로 294",
            "지번 주소": "상동 890"
        },       
        {
            "장소명": "골프존파크",
            "장소 유형": "스크린골프장",
            "도로명 주소": "전남 목포시 옥암로 66",
            "지번 주소": "옥암동 995-8"
        },
        {
            "장소명": "골프존파크 상동 100골프점",
            "장소 유형": "스크린골프장",
            "도로명 주소": "전남 목포시 영산로 559",
            "지번 주소": "상동 251-38"
        },
        {
            "장소명": "버디스크린골프존",
            "장소 유형": "스크린골프장",
            "도로명 주소": "전남 목포시 원형동로 19",
            "지번 주소": "상동 1129-23"
        },
        {
            "장소명": "한림스크린골프",
            "장소 유형": "스크린골프장",
            "도로명 주소": "전남 목포시 삼학로 329",
            "지번 주소": "용해동 143-97"
        }, 
        {
            "장소명": "엑스골프 목포점",
            "장소 유형": "스크린골프장",
            "도로명 주소": "전남 목포시 고하대로 730",
            "지번 주소": "산정동 1728-3"
        },
        {
            "장소명": "에메랄드스크린골프장",
            "장소 유형": "스크린골프장",
            "도로명 주소": "전남 목포시 정의로 30 에메랄드법조빌딩 5, 6층",
            "지번 주소": "옥암동 1202-1"
        }
    ]
}