{
    "장소정보": [
        {
            "장소명": "하당지구대",
            "장소 유형": "지구대",
            "도로명 주소": "전남 목포시 하당로 62",
            "지번 주소": "상동 959-1"
        },
        {
            "장소명": "상동파출소",
            "장소 유형": "파출소",
            "도로명 주소": "전남 목포시 영산로 495-2",
            "지번 주소": "상동 155-1"
        },
        {
            "장소명": "전남경찰청 목포경찰서 역전파출소",
            "장소 유형": "파출소",
            "도로명 주소": "전남 목포시 영산로 88-1",
            "지번 주소": "호남동 482"
        },
        {
            "장소명": "죽교파출소",
            "장소 유형": "파출소",
            "도로명 주소": "전남 목포시 북항로 117",
            "지번 주소": "죽교동 580-50"
        },
        {
            "장소명": "부주파출소",
            "장소 유형": "파출소",
            "도로명 주소": "전남 목포시 남악1로42번길 21",
            "지번 주소": "옥암동 1249-1"
        },
        {
            "장소명": "용당파출소",
            "장소 유형": "파출소",
            "도로명 주소": "전남 목포시 양을로 239",
            "지번 주소": "용해동 819-2"
        },
        {
            "장소명": "삼학파출소",
            "장소 유형": "파출소",
            "도로명 주소": "전남 목포시 삼학로 151",
            "지번 주소": "산정동 1374-6"
        },
        {
            "장소명": "이로파출소",
            "장소 유형": "파출소",
            "도로명 주소": "전남 목포시 하당로 252",
            "지번 주소": "상동 854"
        },
        {
            "장소명": "전남목포경찰서 산정파출소",
            "장소 유형": "파출소",
            "도로명 주소": "전남 목포시 마파지로 90",
            "지번 주소": "산정동 178-5"
        },
        {
            "장소명": "중앙파출소",
            "장소 유형": "파출소",
            "도로명 주소": "전남 목포시 영산로121번길 61",
            "지번 주소": "남교동 11-2"
        },
        {
            "장소명": "전남목포경찰서연동파출소",
            "장소 유형": "파출소",
            "도로명 주소": "전남 목포시 영산로 259",
            "지번 주소": "용당동 1044-9"
        }
    ]
}