{
    "장소정보": [
        {
            "장소명": "디비피트니스랩 하당점",
            "장소 유형": "헬스장",
            "도로명 주소": "전남 목포시 비파로43번길 37 4층",
            "지번 주소": "상동 980-1 4층"
        },
        {
            "장소명": "헤이브짐",
            "장소 유형": "헬스장",
            "도로명 주소": "전남 목포시 백년대로 304 8층",
            "지번 주소": "상동 889-5 8층"
        },
        {
            "장소명": "허니짐",
            "장소 유형": "헬스장",
            "도로명 주소": "전남 목포시 옥암로 95 4층 1402호 1403호,1404호",
            "지번 주소": "상동 860-1 4층 1402호 1403호,1404호"
        },
        {
            "장소명": "빅짐휘트니스 산정점",
            "장소 유형": "헬스장",
            "도로명 주소": "전남 목포시 양을로41번길 42 2층 201호 스포츠센타",
            "지번 주소": "산정동 994-4"
        },
        {
            "장소명": "더멋짐",
            "장소 유형": "헬스장",
            "도로명 주소": "전남 목포시 원형동로 10 5층 더멋짐",
            "지번 주소": "상동 1139-2 5층 더멋짐"
        },
        {
            "장소명": "오티피트니스",
            "장소 유형": "스포츠시설",
            "도로명 주소": "전남 목포시 텃골로13번길 70 2202호",
            "지번 주소": "상동 251-5 2202호"
        },
        {
            "장소명": "웅피티",
            "장소 유형": "헬스장",
            "도로명 주소": "전남 목포시 영산로 559 2층 203호(상동,백상빌딩)",
            "지번 주소": "상동 251-38 2층 203호(상동,백상빌딩)"
        },
        {
            "장소명": "플렉스짐 연산점 [헬스.피티.스피닝.플라잉요가.요가]",
            "장소 유형": "",
            "도로명 주소": "전남 목포시 산정로 287 이조웰빙프라자 4층 플렉스짐",
            "지번 주소": "연산동 346 이조웰빙프라자 4층 플렉스짐"
        },
        {
            "장소명": "플렉스짐 북항점 [헬스.피티]",
            "장소 유형": "헬스장",
            "도로명 주소": "전남 목포시 고하대로 702 3층",
            "지번 주소": "산정동 1750-4 3층"
        },
        {
            "장소명": "울프피트니스",
            "장소 유형": "헬스장",
            "도로명 주소": "전남 목포시 후광대로 110 법원프라자9층",
            "지번 주소": "옥암동 1225-1 법원프라자9층"
        },
        {
            "장소명": "웨이짐",
            "장소 유형": "헬스장",
            "도로명 주소": "전남 목포시 통일대로 48 3층",
            "지번 주소": "상동 1123 3층"
        },
        {
            "장소명": "크로스핏 와이낫",
            "장소 유형": "스포츠시설",
            "도로명 주소": "전남 목포시 백년대로 390-1 1층 크로스핏와이낫",
            "지번 주소": "옥암동 988-4 1층 크로스핏와이낫"
        },
        {
            "장소명": "미니원핏",
            "장소 유형": "스포츠시설",
            "도로명 주소": "전남 목포시 번영로 45 거성센트럴파크 상가2층 201호 미니원핏",
            "지번 주소": "상동 1003-2 거성센트럴파크 상가2층 201호 미니원핏"
        },
        {
            "장소명": "베네핏",
            "장소 유형": "헬스장",
            "도로명 주소": "전남 목포시 용당로 337 3층",
            "지번 주소": "용해동 980-4 3층"
        },
        {
            "장소명": "헤라헬스피아",
            "장소 유형": "헬스장",
            "도로명 주소": "전남 목포시 신흥로 32 대창빌딩 6층",
            "지번 주소": "상동 991-2 대창빌딩 6층"
        },
        {
            "장소명": "YPT&CRYO",
            "장소 유형": "스포츠시설",
            "도로명 주소": "전남 목포시 비파로 70 대양빌딩 3층",
            "지번 주소": "상동 870-3 대양빌딩 3층"
        },
        {
            "장소명": "제우스헬스피아",
            "장소 유형": "헬스장",
            "도로명 주소": "전남 목포시 비파로 54 무성빌딩 5층 제우스헬스피아",
            "지번 주소": "상동 1000 무성빌딩 5층 제우스헬스피아"
        },
        {
            "장소명": "건 휘트니스",
            "장소 유형": "헬스장",
            "도로명 주소": "전남 목포시 남악로 161 5층 건휘트니스",
            "지번 주소": "옥암동 1333-1 5층 건휘트니스"
        },
        {
            "장소명": "폭스짐",
            "장소 유형": "헬스장",
            "도로명 주소": "전남 목포시 후광대로 110",
            "지번 주소": "옥암동 1225-1"
        },
        {
            "장소명": "호암헬스탁구",
            "장소 유형": "헬스장",
            "도로명 주소": "전남 목포시 산정로 275",
            "지번 주소": "산정동 325-1"
        },
        {
            "장소명": "더나인PT&필라테스",
            "장소 유형": "스포츠시설",
            "도로명 주소": "전남 목포시 옥암로 187 4층",
            "지번 주소": "석현동 1168-19 4층"
        },
        {
            "장소명": "제이제이헬스클럽",
            "장소 유형": "헬스장",
            "도로명 주소": "전남 목포시 신흥로 12 8층 제이제이헬스클럽",
            "지번 주소": "상동 983-2 8층 제이제이헬스클럽"
        },
        {
            "장소명": "목포점핑휘트니스",
            "장소 유형": "헬스장",
            "도로명 주소": "전남 목포시 자유로 121",
            "지번 주소": "산정동 1289-12"
        },
        {
            "장소명": "스타핏",
            "장소 유형": "스포츠시설",
            "도로명 주소": "전남 목포시 석현로 2 금성빌딩 6층",
            "지번 주소": "석현동 1170-26 금성빌딩 6층"
        },
        {
            "장소명": "원피티",
            "장소 유형": "스포츠시설",
            "도로명 주소": "전남 목포시 장미로 20 상아빌딩4층",
            "지번 주소": "상동 986 상아빌딩4층"
        },
        {
            "장소명": "런휘트니스",
            "장소 유형": "헬스장",
            "도로명 주소": "전남 목포시 영산로 320 양지빌딩 5층",
            "지번 주소": "용당동 1102-1 양지빌딩 5층"
        },
        {
            "장소명": "JP BODYFIT",
            "장소 유형": "스포츠시설",
            "도로명 주소": "전남 목포시 고하대로 732",
            "지번 주소": "산정동 1727-6"
        },
        {
            "장소명": "S휘트니트클럽",
            "장소 유형": "헬스장",
            "도로명 주소": "전남 목포시 부흥로 3",
            "지번 주소": "상동 979-2"
        },
        {
            "장소명": "중앙헬스클럽",
            "장소 유형": "헬스장",
            "도로명 주소": "전남 목포시 영산로59번길 13",
            "지번 주소": "무안동 11-1"
        },
        {
            "장소명": "범짐",
            "장소 유형": "헬스장",
            "도로명 주소": "남 목포시 상동 871-1 2층",
            "지번 주소": "우편번호\n530822"
        },
        {
            "장소명": "산정휘트니스헬스클럽",
            "장소 유형": "헬스장",
            "도로명 주소": "전남 목포시 양을로41번길 42",
            "지번 주소": "산정동 994-4"
        },
        {
            "장소명": "광장헬스스포츠타운",
            "장소 유형": "헬스장",
            "도로명 주소": "전남 목포시 산정로 147",
            "지번 주소": "산정동 1044-381"
        },
        {
            "장소명": "올림피아헬스클럽",
            "장소 유형": "헬스장",
            "도로명 주소": "전남 목포시 자유로 121",
            "지번 주소": "산정동 1289-12"
        },
        {
            "장소명": "목원헬스",
            "장소 유형": "헬스장",
            "도로명 주소": "전남 목포시 삼일로13번길 21",
            "지번 주소": "남교동 88-55"
        },
        {
            "장소명": "월드헬스클럽",
            "장소 유형": "헬스장",
            "도로명 주소": "전남 목포시 원산로145번안길 2-1",
            "지번 주소": "연산동 1267-7"
        },
        {
            "장소명": "한국헬스클럽",
            "장소 유형": "헬스장",
            "도로명 주소": "전남 목포시 백년대로375번길 29-1",
            "지번 주소": "옥암동 959-5"
        },
        {
            "장소명": "BBMC P·T SHOP",
            "장소 유형": "헬스장",
            "도로명 주소": "전남 목포시 남악1로52번길 12-4",
            "지번 주소": "옥암동 1248-4"
        },
        {
            "장소명": "바른자세운동센터 세움",
            "장소 유형": "헬스장",
            "도로명 주소": "전남 목포시 영산로 413-1",
            "지번 주소": "상동 525"
        },
        {
            "장소명": "휘트니스S",
            "장소 유형": "스포츠센터",
            "도로명 주소": "전남 목포시 남악로 22-22 D동 1~5층 휘트니스S",
            "지번 주소": "옥암동 1373-3 D동 1~5층 휘트니스S"
        },
        {
            "장소명": "유달요가 필라테스",
            "장소 유형": "요가원",
            "도로명 주소": "전남 목포시 산정로 258 2F 유달요가 필라테스",
            "지번 주소": "산정동 314-1 2F 유달요가 필라테스"
        }
    ]
}