﻿순번,의료기관명,의료기관주소(도로명),의료기관전화번호
1,목포더좋은요양병원,전라남도 목포시 용당로 334-0 (용해동),061-246-7000
2,목포신세계병원,전라남도 목포시 백년대로 258 (상동),061-274-9000
3,옥암힐요양병원,전라남도 목포시 정의로 6-0 (옥암동),061-281-7554
4,부부요양병원,전라남도 목포시 영산로 620-1 (석현동),061-989-9000
5,마디정형외과병원,"전라남도 목포시 백년대로 298-0, 4,5층 (상동,센트럴메디파크)",061-287-0875
6,서울병원,전라남도 목포시 청호로 109-0 (산정동),061-272-3333
7,편안한방병원,"전라남도 목포시 후광대로 134-0, 1~5층 (옥암동)",061-287-8573
8,목포청연한방병원,"전라남도 목포시 청호로 6-1 (호남동,목포청연한방병원)",061-982-3000
9,한국한방병원,"전라남도 목포시 옥암로 121-0, 1동 (상동,신안빌딩)",061-261-0075
10,목포현대병원,전라남도 목포시 용당로 322-1 (용해동),061-272-7588
11,조연이비인후과병원,전라남도 목포시 백년대로 298 (상동),061-287-6610
12,목포우리병원,전라남도 목포시 옥암로 77-1 (상동),061-262-7575
13,약수한방병원,"전라남도 목포시 옥암로 190, 2~5층 (석현동)",061-287-7585
14,의료법인 청명의료재단 목포참사랑요양병원,전라남도 목포시 차범석길35번길 9 (북교동),061-240-1695
15,365매일한방병원,전라남도 목포시 하당로 253 (상동),061-282-7365
16,효성요양병원,전라남도 목포시 양을로 456 (상동),061-800-5500
17,의료법인 새한의료재단 목포성심요양병원,전라남도 목포시 영산로844번길 13 (대양동),061-283-5400
18,동명한방병원,"전라남도 목포시 백년대로 292 (상동,1필지)",061-245-3377
19,목포예향병원,전라남도 목포시 삼학로223번길 38 (산정동),061-245-0575
20,의료법인 항운의료재단 목포요양병원,전라남도 목포시 해안로 243-3 (행복동1가),061-276-3355
21,아름다운요양병원,전라남도 목포시 백년대로 267 (상동),061-282-8100
22,의료법인우성의료재단 목포효노인전문병원,전라남도 목포시 영산로 143 (호남동),061-800-9988
23,미르치과병원,전라남도 목포시 백년대로 319 (상동),061-280-8800
24,목포아동병원,전라남도 목포시 옥암로 149 (상동),061-801-8000
25,예닮치과병원,전라남도 목포시 비파로 91 (상동),061-284-7528
26,목포미래병원,전라남도 목포시 녹색로 41 (석현동),061-800-1000
27,의료법인해민의료재단 세안종합병원,전라남도 목포시 고하대로 795-2 (연산동),061-260-6700
28,목포재활요양병원,전라남도 목포시 영산로 627 (석현동),061-280-6800
29,목포미즈아이병원,전라남도 목포시 백년대로 418 (옥암동),061-260-8000
30,제일내과병원,"전라남도 목포시 섶나루길 126, 2,6,8층 (상동)",061-287-8000
31,목포장문외과병원,전라남도 목포시 백년대로 322 (상동),061-284-0975
32,동신대학교부속 목포한방병원,전라남도 목포시 백년대로 313 (상동),061-280-7700
33,목포한사랑병원,전라남도 목포시 백년대로 335 (상동),"061-280-5500,5557"
34,의료법인목포구암의료재단 목포중앙병원,전라남도 목포시 영산로 627 (석현동),061-280-3000
35,목포원광한방병원,전라남도 목포시 하당로153번길 14 (상동),061-283-8004
36,의료법인 세양의료재단 신안병원,전라남도 목포시 산정로 12 (동명동),061-242-0505
37,목포기독병원,전라남도 목포시 백년대로 303 (상동),061-280-7500
38,목포한국병원,전라남도 목포시 영산로 483 (상동),061-270-5500
39,목포시의료원,"전라남도 목포시 이로로 18 (용해동, (용해동))",061260-6500
40,국립목포병원,전라남도 목포시 신지마을1길 75 (석현동),061-280-1114
41,목포노동병원,전라남도 목포시 수강로12번길 11-1 (행복동2가),061-242-5621
