﻿연번,공원명,주소,위치,면적
1,동명어린이공원,"산정동1326-1, 132",미보약국 앞(광명교회앞),1763 
2,삼학어린이공원,산정동 1372-5 일원,동아백조아파트 옆(영문교회뒤),1529 
3,하당어린이공원,상동 807 일원,하당동사무소 뒤,2717 
4,영흥어린이공원,상동 920 일원,하당수협인근,1501 
5,쉼터어린이공원,상동 946 일원,하당1차 노인회관 옆,2490 
6,입암어린이공원,상동 965 일원,목포시교육청 인근,3420 
7,동아어린이공원,상동 885 일원,"우성, 동아@사이",3714 
8,신흥어린이공원,상동 1015 일원,신흥초~꿈동산@ 사이,3902 
9,대성어린이공원,대성동 127-137 일원,대성동 천년나무 107동 옆,2000 
10,죽교어린이공원,죽교동 61-5 일원,유달산 유창빌라 옆,2411 
11,옥암어린이공원,옥암동 993 일원,제일2차 옆(초원2차 옆),3563 
12,부영어린이공원,옥암동 1025 일원,부흥동사무소 앞,3585 
13,용당어린이공원,용당동 1093-1 일원,농협 로컬프드 앞(mbc 건너편),2126 
14,진섬어린이공원,용당동 947-179 일원,충현교회 뒤(이랜드노인복지관옆),2382 
15,서해어린이고원,산정동 1714-5 일원,성악교회 앞 (서해초교 건너편),1854 
16,상아어린이공원,산정동 1729 일원,전남중앙병원 뒤,1653 
17,도서관어린이공원,산정동 1743 일원,공공도서관 옆,1653 
18,온누리어린이공원,산정동 1755 일원,구) 진마트 인근,1653 
19,한성어린이공원,산정동 1772 일원,한성아파트 옆,1653 
20,중앙어린이공원,산정동 1782 일원,중앙하이츠 앞,1653 
21,청해어린이공원,산정동 1805 일원,북항 종원청해 앞,1653 
22,용일어린이공원,용당동 1185-6 일원,시청아래 대건목욕탕,1645 
23,초원어린이공원,용당동 1192-2 일원,시청아래 용일빌라 앞,1500 
24,마리아어린이공원,용당동 1198-7 일원,KBS아래 용일식육식당 옆,1500 
25,상동어린이공원,상동 741 일원,상동 주공3단지 옆,2766 
26,푸른어린이공원,상동 746 일원,상동 효성요양병원 옆,1535 
27,중화어린이공원,상동 763 일원,상동 현대@ 옆,2600 
28,진어린이공원,연산동 1260-3 일원,연산동 주공3차@ 옆,3210 
29,선어린이공원,연산동 1260-5 일원,연산동 우체욱 앞,1925 
30,미어린이공원,연산동 1262-6 일원,연산동 주공1차빅마트길 옆,3385 
31,파크어린이공원,상동 1119-1 일원,우미파크 5차 옆(갓바위 입구),2061 
32,제일어린이공원,옥암동 1104 일원,제일1차@앞(하구둑아래),1822 
33,옥암지구 어린이1,옥암동 1146 일원,옥암지구 부영@ 앞,1593 
34,옥암지구 어린이2,옥암동 1339-1 일원,옥암 골드클래스 옆,4611 
35,옥암지구 어린이3,옥암동 1318 일원,남악아이파크 건너편,7551 
36,옥암지구 어린이4,옥암동 1328 일원,옥암 모아엘가 옆,2627 
37,옥암지구 어린이5,옥암동 1326 일원,한라비발디 옆(모아엘가 후문),5221 
38,용해어린이공원,용해동 1000-1 일원,용해초등학교 옆,1854 
39,호반어린이공원,용해동 1028 일원,용해 호반리젠시빌 뒤,3728 
40,도담,용해동 1053,용해2지구내(골드디움5차 앞),1546 
41,향기,연산동 1976,용해2지구내(청호중 뒤편),2110 
42,늘품,연산동 1922,용해2지구내(백련초교 옆),3137 
43,백련어린이공원,연산동 2040 ,용해2지구내(백련초교 옆),1509 
44,새빛소공원,산정동 1315 일원,진도추어탕 뒷길,1380 
45,남해소공원,산정동 1332 일원,예천교회 앞,940 
46,자명소공원,산정동 1301 일원,용천탕 인근(동명동 4차경로당옆),920 
47,인덕소공원,산정동 1678-3 일원,보건소옆 (인덕노인정 앞),305 
48,북항소공원,산정동 1688 일원,"보건소 건너편,소라빌라옆",266 
49,홍일소공원,산정동 1696-6 일원,홍일고 뒤 해금광고사 앞,337 
50,북산소공원,산정동 1701 일원,홍일고 후문뒤(목포요리학원 옆,289 
51,돌골소공원,죽교동 580-561 일원,죽교파출소 뒤편,777 
52,터진목소공원,산정동 1654-1 일원,독도사우나옆 (뽀뽀뽀어린이집앞),336 
53,어울림소공원,산정동 1668-4 일원,국제볼링장건너(우리사랑교회앞),278 
54,노을공원,산정동 1110-8번지,서해지방경찰청뒤,25880 
55,하당공원,옥암동 981번지 일원,하당 KT 뒤,18374 
56,둥근공원,옥암동 1021 일원,하당 부흥동사무소 옆,14094 
57,초당산공원,옥암동 1306 일원,푸르지오 건너편,67070 
58,부주공원 당근놀이터,옥암동 1269 일원,옥암중학교 건너편,14946 
59,백련근린공원,연산동 1952,용해2지구내,16292 
60,고하동 목화정원 놀이터,고하도길 8 (달동),고하도 목화체험장,2000 
61,유아목재놀이터,죽교동 산 27 달성공원,유달산 목재문화체험장,58 
62,연산녹지 어린이놀이시설, 연산동   1156-19,북항 완충녹지대,1627 
63,양을산 유아숲체험원,양을로 397번길 27 (상동),양을산 등산로,450 
64,양을산 레포츠공원,상동 349,양을산 입구,1600 
